,CO2,RCP26,RCP45,RCP60,RCP85
0,277.454,na,na,na,na
1,277.137,na,na,na,na
2,277.16,na,na,na,na
3,277.158,na,na,na,na
4,277.157,na,na,na,na
5,277.167,na,na,na,na
6,277.172,na,na,na,na
7,277.171,na,na,na,na
8,277.175,na,na,na,na
9,277.176,na,na,na,na
10,277.179,na,na,na,na
11,277.194,na,na,na,na
12,277.198,na,na,na,na
13,277.201,na,na,na,na
14,277.201,na,na,na,na
15,277.211,na,na,na,na
16,277.217,na,na,na,na
17,277.221,na,na,na,na
18,277.226,na,na,na,na
19,277.227,na,na,na,na
20,277.232,na,na,na,na
21,277.234,na,na,na,na
22,277.237,na,na,na,na
23,277.245,na,na,na,na
24,277.249,na,na,na,na
25,277.256,na,na,na,na
26,277.26,na,na,na,na
27,277.277,na,na,na,na
28,277.28,na,na,na,na
29,277.282,na,na,na,na
30,277.284,na,na,na,na
31,277.285,na,na,na,na
32,277.293,na,na,na,na
33,277.291,na,na,na,na
34,277.295,na,na,na,na
35,277.3,na,na,na,na
36,277.305,na,na,na,na
37,277.311,na,na,na,na
38,277.316,na,na,na,na
39,277.318,na,na,na,na
40,277.325,na,na,na,na
41,277.33,na,na,na,na
42,277.334,na,na,na,na
43,277.337,na,na,na,na
44,277.341,na,na,na,na
45,277.343,na,na,na,na
46,277.348,na,na,na,na
47,277.351,na,na,na,na
48,277.353,na,na,na,na
49,277.36,na,na,na,na
50,277.362,na,na,na,na
51,277.363,na,na,na,na
52,277.368,na,na,na,na
53,277.371,na,na,na,na
54,277.376,na,na,na,na
55,277.379,na,na,na,na
56,277.385,na,na,na,na
57,277.387,na,na,na,na
58,277.389,na,na,na,na
59,277.395,na,na,na,na
60,277.397,na,na,na,na
61,277.402,na,na,na,na
62,277.406,na,na,na,na
63,277.408,na,na,na,na
64,277.417,na,na,na,na
65,277.423,na,na,na,na
66,277.428,na,na,na,na
67,277.43,na,na,na,na
68,277.433,na,na,na,na
69,277.437,na,na,na,na
70,277.436,na,na,na,na
71,277.437,na,na,na,na
72,277.437,na,na,na,na
73,277.445,na,na,na,na
74,277.452,na,na,na,na
75,277.457,na,na,na,na
76,277.462,na,na,na,na
77,277.461,na,na,na,na
78,277.463,na,na,na,na
79,277.472,na,na,na,na
80,277.477,na,na,na,na
81,277.481,na,na,na,na
82,277.487,na,na,na,na
83,277.489,na,na,na,na
84,277.497,na,na,na,na
85,277.505,na,na,na,na
86,277.509,na,na,na,na
87,277.516,na,na,na,na
88,277.52,na,na,na,na
89,277.528,na,na,na,na
90,277.536,na,na,na,na
91,277.541,na,na,na,na
92,277.554,na,na,na,na
93,277.56,na,na,na,na
94,277.571,na,na,na,na
95,277.571,na,na,na,na
96,277.579,na,na,na,na
97,277.584,na,na,na,na
98,277.597,na,na,na,na
99,277.609,na,na,na,na
100,277.62,na,na,na,na
101,277.623,na,na,na,na
102,277.63,na,na,na,na
103,277.633,na,na,na,na
104,277.636,na,na,na,na
105,277.645,na,na,na,na
106,277.643,na,na,na,na
107,277.651,na,na,na,na
108,277.656,na,na,na,na
109,277.659,na,na,na,na
110,277.663,na,na,na,na
111,277.671,na,na,na,na
112,277.678,na,na,na,na
113,277.694,na,na,na,na
114,277.702,na,na,na,na
115,277.71,na,na,na,na
116,277.717,na,na,na,na
117,277.718,na,na,na,na
118,277.723,na,na,na,na
119,277.726,na,na,na,na
120,277.733,na,na,na,na
121,277.739,na,na,na,na
122,277.744,na,na,na,na
123,277.748,na,na,na,na
124,277.75,na,na,na,na
125,277.758,na,na,na,na
126,277.761,na,na,na,na
127,277.765,na,na,na,na
128,277.769,na,na,na,na
129,277.77,na,na,na,na
130,277.773,na,na,na,na
131,277.779,na,na,na,na
132,277.785,na,na,na,na
133,277.79,na,na,na,na
134,277.794,na,na,na,na
135,277.801,na,na,na,na
136,277.808,na,na,na,na
137,277.813,na,na,na,na
138,277.821,na,na,na,na
139,277.828,na,na,na,na
140,277.832,na,na,na,na
141,277.835,na,na,na,na
142,277.846,na,na,na,na
143,277.855,na,na,na,na
144,277.859,na,na,na,na
145,277.869,na,na,na,na
146,277.876,na,na,na,na
147,277.884,na,na,na,na
148,277.89,na,na,na,na
149,277.897,na,na,na,na
150,277.907,na,na,na,na
151,277.917,na,na,na,na
152,277.924,na,na,na,na
153,277.934,na,na,na,na
154,277.946,na,na,na,na
155,277.956,na,na,na,na
156,277.977,na,na,na,na
157,277.984,na,na,na,na
158,278,na,na,na,na
159,278.012,na,na,na,na
160,278.029,na,na,na,na
161,278.042,na,na,na,na
162,278.055,na,na,na,na
163,278.071,na,na,na,na
164,278.087,na,na,na,na
165,278.11,na,na,na,na
166,278.124,na,na,na,na
167,278.138,na,na,na,na
168,278.155,na,na,na,na
169,278.172,na,na,na,na
170,278.194,na,na,na,na
171,278.211,na,na,na,na
172,278.233,na,na,na,na
173,278.257,na,na,na,na
174,278.278,na,na,na,na
175,278.298,na,na,na,na
176,278.321,na,na,na,na
177,278.34,na,na,na,na
178,278.363,na,na,na,na
179,278.384,na,na,na,na
180,278.404000000001,na,na,na,na
181,278.415,na,na,na,na
182,278.432,na,na,na,na
183,278.455,na,na,na,na
184,278.483,na,na,na,na
185,278.508,na,na,na,na
186,278.52,na,na,na,na
187,278.543,na,na,na,na
188,278.561,na,na,na,na
189,278.58,na,na,na,na
190,278.599,na,na,na,na
191,278.635,na,na,na,na
192,278.661,na,na,na,na
193,278.681,na,na,na,na
194,278.712,na,na,na,na
195,278.735,na,na,na,na
196,278.765,na,na,na,na
197,278.789,na,na,na,na
198,278.816,na,na,na,na
199,278.845000000001,na,na,na,na
200,278.877,na,na,na,na
201,278.901,na,na,na,na
202,278.936,na,na,na,na
203,278.957,na,na,na,na
204,278.986,na,na,na,na
205,279.021,na,na,na,na
206,279.051,na,na,na,na
207,279.088,na,na,na,na
208,279.114,na,na,na,na
209,279.137,na,na,na,na
210,279.164,na,na,na,na
211,279.187,na,na,na,na
212,279.212,na,na,na,na
213,279.237,na,na,na,na
214,279.261,na,na,na,na
215,279.282,na,na,na,na
216,279.306,na,na,na,na
217,279.334,na,na,na,na
218,279.353,na,na,na,na
219,279.379,na,na,na,na
220,279.404,na,na,na,na
221,279.429,na,na,na,na
222,279.452,na,na,na,na
223,279.474,na,na,na,na
224,279.497,na,na,na,na
225,279.516,na,na,na,na
226,279.532999999999,na,na,na,na
227,279.554,na,na,na,na
228,279.578,na,na,na,na
229,279.602,na,na,na,na
230,279.625000000001,na,na,na,na
231,279.646000000001,na,na,na,na
232,279.667,na,na,na,na
233,279.693000000001,na,na,na,na
234,279.717,na,na,na,na
235,279.739,na,na,na,na
236,279.749,na,na,na,na
237,279.77,na,na,na,na
238,279.788,na,na,na,na
239,279.806,na,na,na,na
240,279.825,na,na,na,na
241,279.835,na,na,na,na
242,279.846,na,na,na,na
243,279.855,na,na,na,na
244,279.863000000001,na,na,na,na
245,279.877,na,na,na,na
246,279.892,na,na,na,na
247,279.911,na,na,na,na
248,279.915,na,na,na,na
249,279.928,na,na,na,na
250,279.951999999999,na,na,na,na
251,279.974,na,na,na,na
252,279.987,na,na,na,na
253,279.994,na,na,na,na
254,279.998,na,na,na,na
255,280.007000000001,na,na,na,na
256,280.012,na,na,na,na
257,280.031,na,na,na,na
258,280.039,na,na,na,na
259,280.046,na,na,na,na
260,280.059,na,na,na,na
261,280.056,na,na,na,na
262,280.070000000001,na,na,na,na
263,280.073,na,na,na,na
264,280.076,na,na,na,na
265,280.086,na,na,na,na
266,280.097000000001,na,na,na,na
267,280.109,na,na,na,na
268,280.123000000001,na,na,na,na
269,280.122000000001,na,na,na,na
270,280.142,na,na,na,na
271,280.15,na,na,na,na
272,280.160999999999,na,na,na,na
273,280.171999999999,na,na,na,na
274,280.181,na,na,na,na
275,280.187,na,na,na,na
276,280.197,na,na,na,na
277,280.207,na,na,na,na
278,280.204,na,na,na,na
279,280.216,na,na,na,na
280,280.213000000001,na,na,na,na
281,280.222,na,na,na,na
282,280.228,na,na,na,na
283,280.23,na,na,na,na
284,280.231,na,na,na,na
285,280.235000000001,na,na,na,na
286,280.245000000001,na,na,na,na
287,280.242,na,na,na,na
288,280.242999999999,na,na,na,na
289,280.237,na,na,na,na
290,280.242,na,na,na,na
291,280.235,na,na,na,na
292,280.243,na,na,na,na
293,280.233000000001,na,na,na,na
294,280.235,na,na,na,na
295,280.236000000001,na,na,na,na
296,280.24,na,na,na,na
297,280.225,na,na,na,na
298,280.211,na,na,na,na
299,280.206000000001,na,na,na,na
300,280.209,na,na,na,na
301,280.211,na,na,na,na
302,280.21,na,na,na,na
303,280.207,na,na,na,na
304,280.206,na,na,na,na
305,280.208,na,na,na,na
306,280.203,na,na,na,na
307,280.196,na,na,na,na
308,280.197,na,na,na,na
309,280.196,na,na,na,na
310,280.193,na,na,na,na
311,280.19,na,na,na,na
312,280.192,na,na,na,na
313,280.171,na,na,na,na
314,280.169,na,na,na,na
315,280.157,na,na,na,na
316,280.156,na,na,na,na
317,280.148,na,na,na,na
318,280.14,na,na,na,na
319,280.126,na,na,na,na
320,280.125,na,na,na,na
321,280.118,na,na,na,na
322,280.11,na,na,na,na
323,280.101,na,na,na,na
324,280.087,na,na,na,na
325,280.08,na,na,na,na
326,280.088,na,na,na,na
327,280.087,na,na,na,na
328,280.08,na,na,na,na
329,280.065,na,na,na,na
330,280.057,na,na,na,na
331,280.048,na,na,na,na
332,280.035,na,na,na,na
333,280.025,na,na,na,na
334,280.007,na,na,na,na
335,279.993,na,na,na,na
336,279.975,na,na,na,na
337,279.965,na,na,na,na
338,279.949,na,na,na,na
339,279.926,na,na,na,na
340,279.919,na,na,na,na
341,279.89,na,na,na,na
342,279.875,na,na,na,na
343,279.85,na,na,na,na
344,279.833,na,na,na,na
345,279.827,na,na,na,na
346,279.813,na,na,na,na
347,279.806,na,na,na,na
348,279.788,na,na,na,na
349,279.78,na,na,na,na
350,279.761,na,na,na,na
351,279.752,na,na,na,na
352,279.734,na,na,na,na
353,279.726,na,na,na,na
354,279.717,na,na,na,na
355,279.7,na,na,na,na
356,279.668,na,na,na,na
357,279.644,na,na,na,na
358,279.614,na,na,na,na
359,279.588,na,na,na,na
360,279.559,na,na,na,na
361,279.532,na,na,na,na
362,279.496,na,na,na,na
363,279.466,na,na,na,na
364,279.441,na,na,na,na
365,279.42,na,na,na,na
366,279.399999999999,na,na,na,na
367,279.373,na,na,na,na
368,279.351,na,na,na,na
369,279.330999999999,na,na,na,na
370,279.307,na,na,na,na
371,279.276,na,na,na,na
372,279.249000000001,na,na,na,na
373,279.223,na,na,na,na
374,279.22,na,na,na,na
375,279.206,na,na,na,na
376,279.194,na,na,na,na
377,279.181,na,na,na,na
378,279.167,na,na,na,na
379,279.144,na,na,na,na
380,279.136999999999,na,na,na,na
381,279.114,na,na,na,na
382,279.108,na,na,na,na
383,279.097,na,na,na,na
384,279.086,na,na,na,na
385,279.071,na,na,na,na
386,279.054999999999,na,na,na,na
387,279.037,na,na,na,na
388,279.017000000001,na,na,na,na
389,279.016999999999,na,na,na,na
390,279.006,na,na,na,na
391,278.987,na,na,na,na
392,278.98,na,na,na,na
393,278.974,na,na,na,na
394,278.96,na,na,na,na
395,278.942,na,na,na,na
396,278.938,na,na,na,na
397,278.906,na,na,na,na
398,278.884,na,na,na,na
399,278.879999999999,na,na,na,na
400,278.864,na,na,na,na
401,278.846,na,na,na,na
402,278.833,na,na,na,na
403,278.832,na,na,na,na
404,278.835,na,na,na,na
405,278.84,na,na,na,na
406,278.836,na,na,na,na
407,278.839,na,na,na,na
408,278.84,na,na,na,na
409,278.829,na,na,na,na
410,278.821,na,na,na,na
411,278.814,na,na,na,na
412,278.817,na,na,na,na
413,278.804,na,na,na,na
414,278.789,na,na,na,na
415,278.775,na,na,na,na
416,278.76,na,na,na,na
417,278.754,na,na,na,na
418,278.719,na,na,na,na
419,278.703,na,na,na,na
420,278.692,na,na,na,na
421,278.67,na,na,na,na
422,278.655,na,na,na,na
423,278.641,na,na,na,na
424,278.627,na,na,na,na
425,278.608,na,na,na,na
426,278.593,na,na,na,na
427,278.572,na,na,na,na
428,278.558,na,na,na,na
429,278.544,na,na,na,na
430,278.521999999999,na,na,na,na
431,278.498,na,na,na,na
432,278.473,na,na,na,na
433,278.454999999999,na,na,na,na
434,278.426,na,na,na,na
435,278.396,na,na,na,na
436,278.369,na,na,na,na
437,278.351,na,na,na,na
438,278.313,na,na,na,na
439,278.287,na,na,na,na
440,278.268,na,na,na,na
441,278.251,na,na,na,na
442,278.232,na,na,na,na
443,278.226,na,na,na,na
444,278.22,na,na,na,na
445,278.19,na,na,na,na
446,278.18,na,na,na,na
447,278.151,na,na,na,na
448,278.137,na,na,na,na
449,278.119,na,na,na,na
450,278.102,na,na,na,na
451,278.083,na,na,na,na
452,278.051,na,na,na,na
453,278.026,na,na,na,na
454,278.01,na,na,na,na
455,277.985,na,na,na,na
456,277.971,na,na,na,na
457,277.949,na,na,na,na
458,277.925,na,na,na,na
459,277.897,na,na,na,na
460,277.883,na,na,na,na
461,277.865,na,na,na,na
462,277.845,na,na,na,na
463,277.816,na,na,na,na
464,277.8,na,na,na,na
465,277.777,na,na,na,na
466,277.758999999999,na,na,na,na
467,277.738,na,na,na,na
468,277.712999999999,na,na,na,na
469,277.692999999999,na,na,na,na
470,277.674,na,na,na,na
471,277.644,na,na,na,na
472,277.629000000001,na,na,na,na
473,277.611000000001,na,na,na,na
474,277.59,na,na,na,na
475,277.561,na,na,na,na
476,277.533,na,na,na,na
477,277.517,na,na,na,na
478,277.496,na,na,na,na
479,277.485,na,na,na,na
480,277.479999999999,na,na,na,na
481,277.463999999999,na,na,na,na
482,277.459,na,na,na,na
483,277.449,na,na,na,na
484,277.444,na,na,na,na
485,277.426999999999,na,na,na,na
486,277.400999999999,na,na,na,na
487,277.378,na,na,na,na
488,277.370000000001,na,na,na,na
489,277.353,na,na,na,na
490,277.348,na,na,na,na
491,277.331,na,na,na,na
492,277.311,na,na,na,na
493,277.299,na,na,na,na
494,277.277,na,na,na,na
495,277.264,na,na,na,na
496,277.258,na,na,na,na
497,277.239000000001,na,na,na,na
498,277.235,na,na,na,na
499,277.216999999999,na,na,na,na
500,277.206,na,na,na,na
501,277.192,na,na,na,na
502,277.186,na,na,na,na
503,277.172,na,na,na,na
504,277.158,na,na,na,na
505,277.141,na,na,na,na
506,277.137,na,na,na,na
507,277.122,na,na,na,na
508,277.116,na,na,na,na
509,277.11,na,na,na,na
510,277.099,na,na,na,na
511,277.084,na,na,na,na
512,277.072,na,na,na,na
513,277.063,na,na,na,na
514,277.052,na,na,na,na
515,277.048,na,na,na,na
516,277.041,na,na,na,na
517,277.033,na,na,na,na
518,277.026,na,na,na,na
519,277.024,na,na,na,na
520,277.015,na,na,na,na
521,277.01,na,na,na,na
522,277.009,na,na,na,na
523,277.004,na,na,na,na
524,277.011,na,na,na,na
525,277.012,na,na,na,na
526,277.015,na,na,na,na
527,277.016,na,na,na,na
528,277.013,na,na,na,na
529,277.014,na,na,na,na
530,277.013,na,na,na,na
531,277.013,na,na,na,na
532,277.036,na,na,na,na
533,277.045,na,na,na,na
534,277.053,na,na,na,na
535,277.056,na,na,na,na
536,277.055,na,na,na,na
537,277.063,na,na,na,na
538,277.057,na,na,na,na
539,277.057,na,na,na,na
540,277.074,na,na,na,na
541,277.07,na,na,na,na
542,277.076,na,na,na,na
543,277.092,na,na,na,na
544,277.094,na,na,na,na
545,277.095,na,na,na,na
546,277.109,na,na,na,na
547,277.112,na,na,na,na
548,277.112,na,na,na,na
549,277.13,na,na,na,na
550,277.136,na,na,na,na
551,277.125,na,na,na,na
552,277.122,na,na,na,na
553,277.114,na,na,na,na
554,277.131,na,na,na,na
555,277.127,na,na,na,na
556,277.124,na,na,na,na
557,277.123,na,na,na,na
558,277.131,na,na,na,na
559,277.131,na,na,na,na
560,277.132,na,na,na,na
561,277.146,na,na,na,na
562,277.139,na,na,na,na
563,277.139,na,na,na,na
564,277.14,na,na,na,na
565,277.148,na,na,na,na
566,277.146,na,na,na,na
567,277.146,na,na,na,na
568,277.153,na,na,na,na
569,277.15,na,na,na,na
570,277.146,na,na,na,na
571,277.155,na,na,na,na
572,277.161,na,na,na,na
573,277.159,na,na,na,na
574,277.169,na,na,na,na
575,277.173,na,na,na,na
576,277.178,na,na,na,na
577,277.181,na,na,na,na
578,277.191,na,na,na,na
579,277.194,na,na,na,na
580,277.198,na,na,na,na
581,277.212,na,na,na,na
582,277.226,na,na,na,na
583,277.241,na,na,na,na
584,277.262,na,na,na,na
585,277.277,na,na,na,na
586,277.292,na,na,na,na
587,277.303,na,na,na,na
588,277.323,na,na,na,na
589,277.335,na,na,na,na
590,277.347,na,na,na,na
591,277.366,na,na,na,na
592,277.381,na,na,na,na
593,277.403,na,na,na,na
594,277.425,na,na,na,na
595,277.43,na,na,na,na
596,277.436,na,na,na,na
597,277.446,na,na,na,na
598,277.47,na,na,na,na
599,277.488,na,na,na,na
600,277.508,na,na,na,na
601,277.514,na,na,na,na
602,277.529,na,na,na,na
603,277.55,na,na,na,na
604,277.576000000001,na,na,na,na
605,277.591000000001,na,na,na,na
606,277.604999999999,na,na,na,na
607,277.619,na,na,na,na
608,277.636000000001,na,na,na,na
609,277.656000000001,na,na,na,na
610,277.674000000009,na,na,na,na
611,277.687000000009,na,na,na,na
612,277.701999999968,na,na,na,na
613,277.721999999998,na,na,na,na
614,277.744,na,na,na,na
615,277.773,na,na,na,na
616,277.789,na,na,na,na
617,277.807,na,na,na,na
618,277.826,na,na,na,na
619,277.851,na,na,na,na
620,277.873,na,na,na,na
621,277.886,na,na,na,na
622,277.91,na,na,na,na
623,277.93,na,na,na,na
624,277.956,na,na,na,na
625,277.973,na,na,na,na
626,277.982,na,na,na,na
627,278.009,na,na,na,na
628,278.028,na,na,na,na
629,278.05,na,na,na,na
630,278.071,na,na,na,na
631,278.089,na,na,na,na
632,278.106,na,na,na,na
633,278.119,na,na,na,na
634,278.145,na,na,na,na
635,278.16,na,na,na,na
636,278.171,na,na,na,na
637,278.185,na,na,na,na
638,278.189,na,na,na,na
639,278.204,na,na,na,na
640,278.222,na,na,na,na
641,278.237,na,na,na,na
642,278.253,na,na,na,na
643,278.266,na,na,na,na
644,278.281,na,na,na,na
645,278.295,na,na,na,na
646,278.307,na,na,na,na
647,278.318,na,na,na,na
648,278.333,na,na,na,na
649,278.351,na,na,na,na
650,278.362,na,na,na,na
651,278.383,na,na,na,na
652,278.392,na,na,na,na
653,278.403,na,na,na,na
654,278.414,na,na,na,na
655,278.427,na,na,na,na
656,278.437,na,na,na,na
657,278.446,na,na,na,na
658,278.456,na,na,na,na
659,278.462,na,na,na,na
660,278.479,na,na,na,na
661,278.49,na,na,na,na
662,278.501,na,na,na,na
663,278.509,na,na,na,na
664,278.525,na,na,na,na
665,278.528,na,na,na,na
666,278.539000000001,na,na,na,na
667,278.556,na,na,na,na
668,278.571000000001,na,na,na,na
669,278.581000000001,na,na,na,na
670,278.589,na,na,na,na
671,278.595,na,na,na,na
672,278.600999999999,na,na,na,na
673,278.607999999999,na,na,na,na
674,278.626,na,na,na,na
675,278.637,na,na,na,na
676,278.64,na,na,na,na
677,278.649,na,na,na,na
678,278.66,na,na,na,na
679,278.665,na,na,na,na
680,278.674000000001,na,na,na,na
681,278.683,na,na,na,na
682,278.689,na,na,na,na
683,278.697,na,na,na,na
684,278.716,na,na,na,na
685,278.726000000001,na,na,na,na
686,278.735000000001,na,na,na,na
687,278.741,na,na,na,na
688,278.755,na,na,na,na
689,278.769000000001,na,na,na,na
690,278.781,na,na,na,na
691,278.799,na,na,na,na
692,278.799,na,na,na,na
693,278.81,na,na,na,na
694,278.814,na,na,na,na
695,278.824,na,na,na,na
696,278.828,na,na,na,na
697,278.832,na,na,na,na
698,278.84,na,na,na,na
699,278.850000000001,na,na,na,na
700,278.861,na,na,na,na
701,278.873999999999,na,na,na,na
702,278.882,na,na,na,na
703,278.889999999999,na,na,na,na
704,278.901,na,na,na,na
705,278.903000000002,na,na,na,na
706,278.91,na,na,na,na
707,278.92,na,na,na,na
708,278.926999999999,na,na,na,na
709,278.935999999999,na,na,na,na
710,278.952000000004,na,na,na,na
711,278.958000000002,na,na,na,na
712,278.96299999998,na,na,na,na
713,278.973999999999,na,na,na,na
714,278.982,na,na,na,na
715,278.989,na,na,na,na
716,278.998,na,na,na,na
717,279.004,na,na,na,na
718,279.009,na,na,na,na
719,279.014,na,na,na,na
720,279.025,na,na,na,na
721,279.03,na,na,na,na
722,279.036,na,na,na,na
723,279.041,na,na,na,na
724,279.049,na,na,na,na
725,279.051,na,na,na,na
726,279.055,na,na,na,na
727,279.063,na,na,na,na
728,279.07,na,na,na,na
729,279.073,na,na,na,na
730,279.081,na,na,na,na
731,279.088,na,na,na,na
732,279.098,na,na,na,na
733,279.108,na,na,na,na
734,279.115,na,na,na,na
735,279.115,na,na,na,na
736,279.122,na,na,na,na
737,279.121,na,na,na,na
738,279.127,na,na,na,na
739,279.131,na,na,na,na
740,279.137,na,na,na,na
741,279.142,na,na,na,na
742,279.146,na,na,na,na
743,279.154,na,na,na,na
744,279.161,na,na,na,na
745,279.172,na,na,na,na
746,279.178,na,na,na,na
747,279.193,na,na,na,na
748,279.203,na,na,na,na
749,279.207,na,na,na,na
750,279.213,na,na,na,na
751,279.214,na,na,na,na
752,279.227,na,na,na,na
753,279.231,na,na,na,na
754,279.234,na,na,na,na
755,279.247,na,na,na,na
756,279.258,na,na,na,na
757,279.268,na,na,na,na
758,279.273,na,na,na,na
759,279.278,na,na,na,na
760,279.288,na,na,na,na
761,279.294,na,na,na,na
762,279.296,na,na,na,na
763,279.301,na,na,na,na
764,279.303,na,na,na,na
765,279.306,na,na,na,na
766,279.311,na,na,na,na
767,279.313,na,na,na,na
768,279.32,na,na,na,na
769,279.322,na,na,na,na
770,279.324,na,na,na,na
771,279.328,na,na,na,na
772,279.327,na,na,na,na
773,279.326,na,na,na,na
774,279.324,na,na,na,na
775,279.327,na,na,na,na
776,279.333,na,na,na,na
777,279.345,na,na,na,na
778,279.349,na,na,na,na
779,279.347,na,na,na,na
780,279.343,na,na,na,na
781,279.341,na,na,na,na
782,279.342,na,na,na,na
783,279.338,na,na,na,na
784,279.341,na,na,na,na
785,279.337,na,na,na,na
786,279.335,na,na,na,na
787,279.328,na,na,na,na
788,279.326,na,na,na,na
789,279.316,na,na,na,na
790,279.316,na,na,na,na
791,279.311,na,na,na,na
792,279.308,na,na,na,na
793,279.295,na,na,na,na
794,279.294,na,na,na,na
795,279.294,na,na,na,na
796,279.288,na,na,na,na
797,279.282,na,na,na,na
798,279.277,na,na,na,na
799,279.28,na,na,na,na
800,279.274,na,na,na,na
801,279.272,na,na,na,na
802,279.273,na,na,na,na
803,279.273,na,na,na,na
804,279.276,na,na,na,na
805,279.281,na,na,na,na
806,279.283,na,na,na,na
807,279.285,na,na,na,na
808,279.293,na,na,na,na
809,279.295,na,na,na,na
810,279.298,na,na,na,na
811,279.302,na,na,na,na
812,279.303,na,na,na,na
813,279.305,na,na,na,na
814,279.307,na,na,na,na
815,279.311,na,na,na,na
816,279.313,na,na,na,na
817,279.315,na,na,na,na
818,279.32,na,na,na,na
819,279.319,na,na,na,na
820,279.324,na,na,na,na
821,279.325,na,na,na,na
822,279.326,na,na,na,na
823,279.326,na,na,na,na
824,279.323,na,na,na,na
825,279.323,na,na,na,na
826,279.321,na,na,na,na
827,279.322,na,na,na,na
828,279.323,na,na,na,na
829,279.326,na,na,na,na
830,279.326,na,na,na,na
831,279.326,na,na,na,na
832,279.324,na,na,na,na
833,279.329,na,na,na,na
834,279.324,na,na,na,na
835,279.325,na,na,na,na
836,279.323,na,na,na,na
837,279.327,na,na,na,na
838,279.329,na,na,na,na
839,279.334,na,na,na,na
840,279.334,na,na,na,na
841,279.334,na,na,na,na
842,279.339,na,na,na,na
843,279.349,na,na,na,na
844,279.349,na,na,na,na
845,279.352,na,na,na,na
846,279.349,na,na,na,na
847,279.349,na,na,na,na
848,279.352,na,na,na,na
849,279.355,na,na,na,na
850,279.353,na,na,na,na
851,279.355,na,na,na,na
852,279.352,na,na,na,na
853,279.352,na,na,na,na
854,279.35,na,na,na,na
855,279.348,na,na,na,na
856,279.346,na,na,na,na
857,279.349,na,na,na,na
858,279.348,na,na,na,na
859,279.347,na,na,na,na
860,279.351,na,na,na,na
861,279.345,na,na,na,na
862,279.347,na,na,na,na
863,279.348,na,na,na,na
864,279.347,na,na,na,na
865,279.336,na,na,na,na
866,279.326,na,na,na,na
867,279.317,na,na,na,na
868,279.314,na,na,na,na
869,279.312,na,na,na,na
870,279.308,na,na,na,na
871,279.306,na,na,na,na
872,279.303,na,na,na,na
873,279.285,na,na,na,na
874,279.276,na,na,na,na
875,279.269,na,na,na,na
876,279.259,na,na,na,na
877,279.252,na,na,na,na
878,279.238,na,na,na,na
879,279.227,na,na,na,na
880,279.224,na,na,na,na
881,279.216,na,na,na,na
882,279.204,na,na,na,na
883,279.191,na,na,na,na
884,279.185,na,na,na,na
885,279.17,na,na,na,na
886,279.158,na,na,na,na
887,279.147,na,na,na,na
888,279.148,na,na,na,na
889,279.14,na,na,na,na
890,279.129,na,na,na,na
891,279.122,na,na,na,na
892,279.109,na,na,na,na
893,279.098,na,na,na,na
894,279.086,na,na,na,na
895,279.078,na,na,na,na
896,279.07,na,na,na,na
897,279.055,na,na,na,na
898,279.045,na,na,na,na
899,279.038,na,na,na,na
900,279.021,na,na,na,na
901,279.015,na,na,na,na
902,279.002,na,na,na,na
903,278.994,na,na,na,na
904,278.989,na,na,na,na
905,278.981,na,na,na,na
906,278.961,na,na,na,na
907,278.95,na,na,na,na
908,278.938,na,na,na,na
909,278.93,na,na,na,na
910,278.918,na,na,na,na
911,278.909,na,na,na,na
912,278.899,na,na,na,na
913,278.894,na,na,na,na
914,278.883,na,na,na,na
915,278.871,na,na,na,na
916,278.866,na,na,na,na
917,278.857,na,na,na,na
918,278.849,na,na,na,na
919,278.831,na,na,na,na
920,278.817,na,na,na,na
921,278.804,na,na,na,na
922,278.792,na,na,na,na
923,278.784,na,na,na,na
924,278.772,na,na,na,na
925,278.768,na,na,na,na
926,278.753,na,na,na,na
927,278.742,na,na,na,na
928,278.74,na,na,na,na
929,278.723,na,na,na,na
930,278.713,na,na,na,na
931,278.704,na,na,na,na
932,278.696,na,na,na,na
933,278.684,na,na,na,na
934,278.679,na,na,na,na
935,278.673,na,na,na,na
936,278.658,na,na,na,na
937,278.649,na,na,na,na
938,278.644,na,na,na,na
939,278.639,na,na,na,na
940,278.63,na,na,na,na
941,278.622,na,na,na,na
942,278.617,na,na,na,na
943,278.611,na,na,na,na
944,278.615,na,na,na,na
945,278.624,na,na,na,na
946,278.63,na,na,na,na
947,278.635,na,na,na,na
948,278.635,na,na,na,na
949,278.64,na,na,na,na
950,278.652,na,na,na,na
951,278.653,na,na,na,na
952,278.661,na,na,na,na
953,278.672,na,na,na,na
954,278.699,na,na,na,na
955,278.708,na,na,na,na
956,278.719,na,na,na,na
957,278.727,na,na,na,na
958,278.735,na,na,na,na
959,278.75,na,na,na,na
960,278.757,na,na,na,na
961,278.763,na,na,na,na
962,278.775,na,na,na,na
963,278.787,na,na,na,na
964,278.796,na,na,na,na
965,278.81,na,na,na,na
966,278.82,na,na,na,na
967,278.839,na,na,na,na
968,278.854,na,na,na,na
969,278.89,na,na,na,na
970,278.907,na,na,na,na
971,278.923,na,na,na,na
972,278.949,na,na,na,na
973,278.96,na,na,na,na
974,278.963,na,na,na,na
975,278.972,na,na,na,na
976,278.978,na,na,na,na
977,278.986,na,na,na,na
978,278.996,na,na,na,na
979,279.006,na,na,na,na
980,279.008,na,na,na,na
981,279.024,na,na,na,na
982,279.038,na,na,na,na
983,279.057,na,na,na,na
984,279.069,na,na,na,na
985,279.092,na,na,na,na
986,279.115,na,na,na,na
987,279.148,na,na,na,na
988,279.169,na,na,na,na
989,279.183,na,na,na,na
990,279.201,na,na,na,na
991,279.217,na,na,na,na
992,279.241,na,na,na,na
993,279.262,na,na,na,na
994,279.278,na,na,na,na
995,279.294,na,na,na,na
996,279.314,na,na,na,na
997,279.339,na,na,na,na
998,279.358,na,na,na,na
999,279.382,na,na,na,na
1000,279.404,na,na,na,na
1001,279.426,na,na,na,na
1002,279.448,na,na,na,na
1003,279.477,na,na,na,na
1004,279.499,na,na,na,na
1005,279.523999999999,na,na,na,na
1006,279.540999999999,na,na,na,na
1007,279.559999999999,na,na,na,na
1008,279.579000000002,na,na,na,na
1009,279.601,na,na,na,na
1010,279.630000000004,na,na,na,na
1011,279.660999999991,na,na,na,na
1012,279.691999999952,na,na,na,na
1013,279.730000000001,na,na,na,na
1014,279.760000000001,na,na,na,na
1015,279.795,na,na,na,na
1016,279.828,na,na,na,na
1017,279.86,na,na,na,na
1018,279.892,na,na,na,na
1019,279.917,na,na,na,na
1020,279.949,na,na,na,na
1021,279.984,na,na,na,na
1022,280.018,na,na,na,na
1023,280.052,na,na,na,na
1024,280.087,na,na,na,na
1025,280.126,na,na,na,na
1026,280.163999999999,na,na,na,na
1027,280.2,na,na,na,na
1028,280.236,na,na,na,na
1029,280.276,na,na,na,na
1030,280.313000000001,na,na,na,na
1031,280.353000000001,na,na,na,na
1032,280.395,na,na,na,na
1033,280.437000000001,na,na,na,na
1034,280.48,na,na,na,na
1035,280.514,na,na,na,na
1036,280.554,na,na,na,na
1037,280.591000000001,na,na,na,na
1038,280.632,na,na,na,na
1039,280.674,na,na,na,na
1040,280.71,na,na,na,na
1041,280.754,na,na,na,na
1042,280.793,na,na,na,na
1043,280.835,na,na,na,na
1044,280.876000000001,na,na,na,na
1045,280.913,na,na,na,na
1046,280.955,na,na,na,na
1047,280.991,na,na,na,na
1048,281.034,na,na,na,na
1049,281.078999999999,na,na,na,na
1050,281.127999999999,na,na,na,na
1051,281.173,na,na,na,na
1052,281.218,na,na,na,na
1053,281.273,na,na,na,na
1054,281.328,na,na,na,na
1055,281.371000000001,na,na,na,na
1056,281.418,na,na,na,na
1057,281.460000000001,na,na,na,na
1058,281.512,na,na,na,na
1059,281.556999999999,na,na,na,na
1060,281.600999999999,na,na,na,na
1061,281.641,na,na,na,na
1062,281.685000000001,na,na,na,na
1063,281.729,na,na,na,na
1064,281.768000000001,na,na,na,na
1065,281.802,na,na,na,na
1066,281.838000000002,na,na,na,na
1067,281.873,na,na,na,na
1068,281.910000000001,na,na,na,na
1069,281.948000000002,na,na,na,na
1070,281.983,na,na,na,na
1071,282.023,na,na,na,na
1072,282.060999999999,na,na,na,na
1073,282.096999999999,na,na,na,na
1074,282.133000000001,na,na,na,na
1075,282.173,na,na,na,na
1076,282.207,na,na,na,na
1077,282.245,na,na,na,na
1078,282.282,na,na,na,na
1079,282.314000000001,na,na,na,na
1080,282.350000000002,na,na,na,na
1081,282.384000000001,na,na,na,na
1082,282.416,na,na,na,na
1083,282.45,na,na,na,na
1084,282.483000000001,na,na,na,na
1085,282.513000000001,na,na,na,na
1086,282.547000000002,na,na,na,na
1087,282.578,na,na,na,na
1088,282.606999999999,na,na,na,na
1089,282.647000000001,na,na,na,na
1090,282.68,na,na,na,na
1091,282.707000000001,na,na,na,na
1092,282.738,na,na,na,na
1093,282.773000000001,na,na,na,na
1094,282.803999999999,na,na,na,na
1095,282.832000000001,na,na,na,na
1096,282.861,na,na,na,na
1097,282.881999999999,na,na,na,na
1098,282.914999999999,na,na,na,na
1099,282.947000000002,na,na,na,na
1100,282.969,na,na,na,na
1101,282.996,na,na,na,na
1102,283.021,na,na,na,na
1103,283.048,na,na,na,na
1104,283.077,na,na,na,na
1105,283.105,na,na,na,na
1106,283.135,na,na,na,na
1107,283.167,na,na,na,na
1108,283.193,na,na,na,na
1109,283.213,na,na,na,na
1110,283.232,na,na,na,na
1111,283.251,na,na,na,na
1112,283.276,na,na,na,na
1113,283.306,na,na,na,na
1114,283.331,na,na,na,na
1115,283.356,na,na,na,na
1116,283.38,na,na,na,na
1117,283.401,na,na,na,na
1118,283.42,na,na,na,na
1119,283.448,na,na,na,na
1120,283.473,na,na,na,na
1121,283.494,na,na,na,na
1122,283.517,na,na,na,na
1123,283.543,na,na,na,na
1124,283.565,na,na,na,na
1125,283.587,na,na,na,na
1126,283.61,na,na,na,na
1127,283.630999999999,na,na,na,na
1128,283.655,na,na,na,na
1129,283.675,na,na,na,na
1130,283.699000000001,na,na,na,na
1131,283.719000000001,na,na,na,na
1132,283.739,na,na,na,na
1133,283.758000000001,na,na,na,na
1134,283.779,na,na,na,na
1135,283.795,na,na,na,na
1136,283.814,na,na,na,na
1137,283.836000000001,na,na,na,na
1138,283.854,na,na,na,na
1139,283.877,na,na,na,na
1140,283.893,na,na,na,na
1141,283.913,na,na,na,na
1142,283.929,na,na,na,na
1143,283.948,na,na,na,na
1144,283.961000000001,na,na,na,na
1145,283.982,na,na,na,na
1146,283.999,na,na,na,na
1147,284.01,na,na,na,na
1148,284.028,na,na,na,na
1149,284.047999999999,na,na,na,na
1150,284.057999999999,na,na,na,na
1151,284.071,na,na,na,na
1152,284.096,na,na,na,na
1153,284.111999999999,na,na,na,na
1154,284.125,na,na,na,na
1155,284.131000000001,na,na,na,na
1156,284.141,na,na,na,na
1157,284.152,na,na,na,na
1158,284.158,na,na,na,na
1159,284.165,na,na,na,na
1160,284.164,na,na,na,na
1161,284.164,na,na,na,na
1162,284.166000000001,na,na,na,na
1163,284.168,na,na,na,na
1164,284.169,na,na,na,na
1165,284.169,na,na,na,na
1166,284.168000000001,na,na,na,na
1167,284.164,na,na,na,na
1168,284.167000000001,na,na,na,na
1169,284.165000000001,na,na,na,na
1170,284.165,na,na,na,na
1171,284.164,na,na,na,na
1172,284.158999999999,na,na,na,na
1173,284.163999999999,na,na,na,na
1174,284.164000000001,na,na,na,na
1175,284.166,na,na,na,na
1176,284.165,na,na,na,na
1177,284.164,na,na,na,na
1178,284.16,na,na,na,na
1179,284.157,na,na,na,na
1180,284.156000000001,na,na,na,na
1181,284.15,na,na,na,na
1182,284.145,na,na,na,na
1183,284.128,na,na,na,na
1184,284.098,na,na,na,na
1185,284.070000000001,na,na,na,na
1186,284.055000000001,na,na,na,na
1187,284.045,na,na,na,na
1188,284.021999999999,na,na,na,na
1189,283.999,na,na,na,na
1190,283.967,na,na,na,na
1191,283.942,na,na,na,na
1192,283.924,na,na,na,na
1193,283.896,na,na,na,na
1194,283.876,na,na,na,na
1195,283.846,na,na,na,na
1196,283.816,na,na,na,na
1197,283.797,na,na,na,na
1198,283.769,na,na,na,na
1199,283.744000000001,na,na,na,na
1200,283.726,na,na,na,na
1201,283.699,na,na,na,na
1202,283.679,na,na,na,na
1203,283.661,na,na,na,na
1204,283.646,na,na,na,na
1205,283.63,na,na,na,na
1206,283.611,na,na,na,na
1207,283.589,na,na,na,na
1208,283.566,na,na,na,na
1209,283.545,na,na,na,na
1210,283.52,na,na,na,na
1211,283.498,na,na,na,na
1212,283.473,na,na,na,na
1213,283.452,na,na,na,na
1214,283.423,na,na,na,na
1215,283.4,na,na,na,na
1216,283.371,na,na,na,na
1217,283.342,na,na,na,na
1218,283.311,na,na,na,na
1219,283.282,na,na,na,na
1220,283.256,na,na,na,na
1221,283.225,na,na,na,na
1222,283.195,na,na,na,na
1223,283.175,na,na,na,na
1224,283.152,na,na,na,na
1225,283.128,na,na,na,na
1226,283.106000000001,na,na,na,na
1227,283.089,na,na,na,na
1228,283.06,na,na,na,na
1229,283.034,na,na,na,na
1230,283.014,na,na,na,na
1231,282.996,na,na,na,na
1232,282.983,na,na,na,na
1233,282.953999999999,na,na,na,na
1234,282.932,na,na,na,na
1235,282.912,na,na,na,na
1236,282.889,na,na,na,na
1237,282.858,na,na,na,na
1238,282.835,na,na,na,na
1239,282.815,na,na,na,na
1240,282.79,na,na,na,na
1241,282.758,na,na,na,na
1242,282.724,na,na,na,na
1243,282.698,na,na,na,na
1244,282.669999999999,na,na,na,na
1245,282.643,na,na,na,na
1246,282.613000000001,na,na,na,na
1247,282.584,na,na,na,na
1248,282.551,na,na,na,na
1249,282.517,na,na,na,na
1250,282.478000000001,na,na,na,na
1251,282.446,na,na,na,na
1252,282.42,na,na,na,na
1253,282.394,na,na,na,na
1254,282.359,na,na,na,na
1255,282.332999999999,na,na,na,na
1256,282.299,na,na,na,na
1257,282.273,na,na,na,na
1258,282.233,na,na,na,na
1259,282.202000000001,na,na,na,na
1260,282.173000000001,na,na,na,na
1261,282.142,na,na,na,na
1262,282.113999999999,na,na,na,na
1263,282.086,na,na,na,na
1264,282.06,na,na,na,na
1265,282.028000000001,na,na,na,na
1266,282.003999999999,na,na,na,na
1267,281.984,na,na,na,na
1268,281.966999999999,na,na,na,na
1269,281.939999999999,na,na,na,na
1270,281.929,na,na,na,na
1271,281.91,na,na,na,na
1272,281.888000000001,na,na,na,na
1273,281.870000000001,na,na,na,na
1274,281.86,na,na,na,na
1275,281.844,na,na,na,na
1276,281.835,na,na,na,na
1277,281.817,na,na,na,na
1278,281.799,na,na,na,na
1279,281.787,na,na,na,na
1280,281.780999999999,na,na,na,na
1281,281.773999999999,na,na,na,na
1282,281.761,na,na,na,na
1283,281.745,na,na,na,na
1284,281.722,na,na,na,na
1285,281.706999999999,na,na,na,na
1286,281.697999999999,na,na,na,na
1287,281.686,na,na,na,na
1288,281.671000000001,na,na,na,na
1289,281.655999999999,na,na,na,na
1290,281.635,na,na,na,na
1291,281.615,na,na,na,na
1292,281.605,na,na,na,na
1293,281.595999999999,na,na,na,na
1294,281.591000000001,na,na,na,na
1295,281.580999999999,na,na,na,na
1296,281.575,na,na,na,na
1297,281.564000000001,na,na,na,na
1298,281.559000000001,na,na,na,na
1299,281.553999999999,na,na,na,na
1300,281.542,na,na,na,na
1301,281.538,na,na,na,na
1302,281.53,na,na,na,na
1303,281.524,na,na,na,na
1304,281.517,na,na,na,na
1305,281.512,na,na,na,na
1306,281.503,na,na,na,na
1307,281.494,na,na,na,na
1308,281.487,na,na,na,na
1309,281.481,na,na,na,na
1310,281.471,na,na,na,na
1311,281.454,na,na,na,na
1312,281.435,na,na,na,na
1313,281.42,na,na,na,na
1314,281.394,na,na,na,na
1315,281.376,na,na,na,na
1316,281.356,na,na,na,na
1317,281.328,na,na,na,na
1318,281.294,na,na,na,na
1319,281.278,na,na,na,na
1320,281.259,na,na,na,na
1321,281.237,na,na,na,na
1322,281.232,na,na,na,na
1323,281.217,na,na,na,na
1324,281.205,na,na,na,na
1325,281.2,na,na,na,na
1326,281.197,na,na,na,na
1327,281.182,na,na,na,na
1328,281.167,na,na,na,na
1329,281.167,na,na,na,na
1330,281.164,na,na,na,na
1331,281.162,na,na,na,na
1332,281.156,na,na,na,na
1333,281.166,na,na,na,na
1334,281.164,na,na,na,na
1335,281.172,na,na,na,na
1336,281.174,na,na,na,na
1337,281.163,na,na,na,na
1338,281.16,na,na,na,na
1339,281.156,na,na,na,na
1340,281.139,na,na,na,na
1341,281.117,na,na,na,na
1342,281.087,na,na,na,na
1343,281.063,na,na,na,na
1344,281.046,na,na,na,na
1345,281.027,na,na,na,na
1346,281.017,na,na,na,na
1347,281.014,na,na,na,na
1348,281.006,na,na,na,na
1349,280.996,na,na,na,na
1350,280.99,na,na,na,na
1351,280.985,na,na,na,na
1352,280.985,na,na,na,na
1353,280.986,na,na,na,na
1354,280.982,na,na,na,na
1355,280.979,na,na,na,na
1356,280.97,na,na,na,na
1357,280.963,na,na,na,na
1358,280.949,na,na,na,na
1359,280.934,na,na,na,na
1360,280.921,na,na,na,na
1361,280.913,na,na,na,na
1362,280.899,na,na,na,na
1363,280.879,na,na,na,na
1364,280.864,na,na,na,na
1365,280.834,na,na,na,na
1366,280.824,na,na,na,na
1367,280.811,na,na,na,na
1368,280.797999999999,na,na,na,na
1369,280.774999999999,na,na,na,na
1370,280.759,na,na,na,na
1371,280.746,na,na,na,na
1372,280.732000000001,na,na,na,na
1373,280.717000000001,na,na,na,na
1374,280.705,na,na,na,na
1375,280.691,na,na,na,na
1376,280.68,na,na,na,na
1377,280.67,na,na,na,na
1378,280.662,na,na,na,na
1379,280.65,na,na,na,na
1380,280.637999999999,na,na,na,na
1381,280.634,na,na,na,na
1382,280.636,na,na,na,na
1383,280.636,na,na,na,na
1384,280.631,na,na,na,na
1385,280.625999999999,na,na,na,na
1386,280.629999999999,na,na,na,na
1387,280.627,na,na,na,na
1388,280.611000000001,na,na,na,na
1389,280.601999999999,na,na,na,na
1390,280.605,na,na,na,na
1391,280.596,na,na,na,na
1392,280.585,na,na,na,na
1393,280.568,na,na,na,na
1394,280.552,na,na,na,na
1395,280.54,na,na,na,na
1396,280.518,na,na,na,na
1397,280.499,na,na,na,na
1398,280.483,na,na,na,na
1399,280.463999999999,na,na,na,na
1400,280.445,na,na,na,na
1401,280.425,na,na,na,na
1402,280.406,na,na,na,na
1403,280.387,na,na,na,na
1404,280.376,na,na,na,na
1405,280.369,na,na,na,na
1406,280.359,na,na,na,na
1407,280.358,na,na,na,na
1408,280.349,na,na,na,na
1409,280.347,na,na,na,na
1410,280.344,na,na,na,na
1411,280.339,na,na,na,na
1412,280.33,na,na,na,na
1413,280.324,na,na,na,na
1414,280.318,na,na,na,na
1415,280.304,na,na,na,na
1416,280.298,na,na,na,na
1417,280.29,na,na,na,na
1418,280.281,na,na,na,na
1419,280.274,na,na,na,na
1420,280.272,na,na,na,na
1421,280.266,na,na,na,na
1422,280.263,na,na,na,na
1423,280.274,na,na,na,na
1424,280.3,na,na,na,na
1425,280.304,na,na,na,na
1426,280.324,na,na,na,na
1427,280.334,na,na,na,na
1428,280.376,na,na,na,na
1429,280.41,na,na,na,na
1430,280.422,na,na,na,na
1431,280.427,na,na,na,na
1432,280.425,na,na,na,na
1433,280.434,na,na,na,na
1434,280.438,na,na,na,na
1435,280.428,na,na,na,na
1436,280.465,na,na,na,na
1437,280.487,na,na,na,na
1438,280.518,na,na,na,na
1439,280.551,na,na,na,na
1440,280.579,na,na,na,na
1441,280.63,na,na,na,na
1442,280.672,na,na,na,na
1443,280.716,na,na,na,na
1444,280.754,na,na,na,na
1445,280.79,na,na,na,na
1446,280.829,na,na,na,na
1447,280.869,na,na,na,na
1448,280.911,na,na,na,na
1449,280.951,na,na,na,na
1450,280.99,na,na,na,na
1451,281.024,na,na,na,na
1452,281.058,na,na,na,na
1453,281.088,na,na,na,na
1454,281.102,na,na,na,na
1455,281.109,na,na,na,na
1456,281.115,na,na,na,na
1457,281.102,na,na,na,na
1458,281.11,na,na,na,na
1459,281.134,na,na,na,na
1460,281.16,na,na,na,na
1461,281.179,na,na,na,na
1462,281.194,na,na,na,na
1463,281.231,na,na,na,na
1464,281.265,na,na,na,na
1465,281.301,na,na,na,na
1466,281.336000000001,na,na,na,na
1467,281.378,na,na,na,na
1468,281.414,na,na,na,na
1469,281.455000000001,na,na,na,na
1470,281.47,na,na,na,na
1471,281.493,na,na,na,na
1472,281.520999999999,na,na,na,na
1473,281.559,na,na,na,na
1474,281.591,na,na,na,na
1475,281.629,na,na,na,na
1476,281.659,na,na,na,na
1477,281.71,na,na,na,na
1478,281.763,na,na,na,na
1479,281.824,na,na,na,na
1480,281.877000000001,na,na,na,na
1481,281.931,na,na,na,na
1482,281.99,na,na,na,na
1483,282.047,na,na,na,na
1484,282.106,na,na,na,na
1485,282.164000000001,na,na,na,na
1486,282.225000000001,na,na,na,na
1487,282.275,na,na,na,na
1488,282.329,na,na,na,na
1489,282.392000000001,na,na,na,na
1490,282.448,na,na,na,na
1491,282.501,na,na,na,na
1492,282.56,na,na,na,na
1493,282.613000000001,na,na,na,na
1494,282.669999999999,na,na,na,na
1495,282.723000000001,na,na,na,na
1496,282.775,na,na,na,na
1497,282.830999999999,na,na,na,na
1498,282.888,na,na,na,na
1499,282.940000000001,na,na,na,na
1500,282.996,na,na,na,na
1501,283.041,na,na,na,na
1502,283.087,na,na,na,na
1503,283.136,na,na,na,na
1504,283.178,na,na,na,na
1505,283.218,na,na,na,na
1506,283.248,na,na,na,na
1507,283.274,na,na,na,na
1508,283.302,na,na,na,na
1509,283.333,na,na,na,na
1510,283.371,na,na,na,na
1511,283.404,na,na,na,na
1512,283.436,na,na,na,na
1513,283.467,na,na,na,na
1514,283.500000000001,na,na,na,na
1515,283.529,na,na,na,na
1516,283.538,na,na,na,na
1517,283.555,na,na,na,na
1518,283.558,na,na,na,na
1519,283.558000000001,na,na,na,na
1520,283.559,na,na,na,na
1521,283.548,na,na,na,na
1522,283.54,na,na,na,na
1523,283.528,na,na,na,na
1524,283.513,na,na,na,na
1525,283.504,na,na,na,na
1526,283.494,na,na,na,na
1527,283.483,na,na,na,na
1528,283.481,na,na,na,na
1529,283.482,na,na,na,na
1530,283.472000000001,na,na,na,na
1531,283.453,na,na,na,na
1532,283.46,na,na,na,na
1533,283.458000000001,na,na,na,na
1534,283.454,na,na,na,na
1535,283.442,na,na,na,na
1536,283.429,na,na,na,na
1537,283.402,na,na,na,na
1538,283.38,na,na,na,na
1539,283.339,na,na,na,na
1540,283.311,na,na,na,na
1541,283.255,na,na,na,na
1542,283.208,na,na,na,na
1543,283.154,na,na,na,na
1544,283.091,na,na,na,na
1545,283.034,na,na,na,na
1546,282.983,na,na,na,na
1547,282.921,na,na,na,na
1548,282.866,na,na,na,na
1549,282.799,na,na,na,na
1550,282.737,na,na,na,na
1551,282.687,na,na,na,na
1552,282.626,na,na,na,na
1553,282.565,na,na,na,na
1554,282.495,na,na,na,na
1555,282.449,na,na,na,na
1556,282.395,na,na,na,na
1557,282.334,na,na,na,na
1558,282.263,na,na,na,na
1559,282.214,na,na,na,na
1560,282.147,na,na,na,na
1561,282.08,na,na,na,na
1562,282.011,na,na,na,na
1563,281.93,na,na,na,na
1564,281.856,na,na,na,na
1565,281.787,na,na,na,na
1566,281.713,na,na,na,na
1567,281.621,na,na,na,na
1568,281.537,na,na,na,na
1569,281.461,na,na,na,na
1570,281.377,na,na,na,na
1571,281.302,na,na,na,na
1572,281.229000000001,na,na,na,na
1573,281.145,na,na,na,na
1574,281.05,na,na,na,na
1575,280.956,na,na,na,na
1576,280.868,na,na,na,na
1577,280.774,na,na,na,na
1578,280.68,na,na,na,na
1579,280.584,na,na,na,na
1580,280.479999999999,na,na,na,na
1581,280.382,na,na,na,na
1582,280.281,na,na,na,na
1583,280.18,na,na,na,na
1584,280.083,na,na,na,na
1585,279.985999999999,na,na,na,na
1586,279.885999999999,na,na,na,na
1587,279.784,na,na,na,na
1588,279.675000000001,na,na,na,na
1589,279.568999999999,na,na,na,na
1590,279.467,na,na,na,na
1591,279.352999999999,na,na,na,na
1592,279.237,na,na,na,na
1593,279.116999999999,na,na,na,na
1594,278.986000000001,na,na,na,na
1595,278.866999999999,na,na,na,na
1596,278.731,na,na,na,na
1597,278.619000000001,na,na,na,na
1598,278.531000000001,na,na,na,na
1599,278.439999999998,na,na,na,na
1600,278.376,na,na,na,na
1601,278.305,na,na,na,na
1602,278.217000000001,na,na,na,na
1603,278.14,na,na,na,na
1604,278.063,na,na,na,na
1605,278.003,na,na,na,na
1606,277.957,na,na,na,na
1607,277.896,na,na,na,na
1608,277.821,na,na,na,na
1609,277.793,na,na,na,na
1610,277.76,na,na,na,na
1611,277.764000000001,na,na,na,na
1612,277.756,na,na,na,na
1613,277.705999999999,na,na,na,na
1614,277.635999999999,na,na,na,na
1615,277.571,na,na,na,na
1616,277.497,na,na,na,na
1617,277.434,na,na,na,na
1618,277.358999999999,na,na,na,na
1619,277.286999999999,na,na,na,na
1620,277.219,na,na,na,na
1621,277.163,na,na,na,na
1622,277.091,na,na,na,na
1623,277.040000000001,na,na,na,na
1624,276.995,na,na,na,na
1625,276.937999999999,na,na,na,na
1626,276.882000000001,na,na,na,na
1627,276.844000000002,na,na,na,na
1628,276.796,na,na,na,na
1629,276.75,na,na,na,na
1630,276.714999999998,na,na,na,na
1631,276.679999999999,na,na,na,na
1632,276.653000000001,na,na,na,na
1633,276.626999999998,na,na,na,na
1634,276.605000000001,na,na,na,na
1635,276.579999999999,na,na,na,na
1636,276.553,na,na,na,na
1637,276.536999999999,na,na,na,na
1638,276.518,na,na,na,na
1639,276.502000000001,na,na,na,na
1640,276.490000000001,na,na,na,na
1641,276.482000000001,na,na,na,na
1642,276.473,na,na,na,na
1643,276.465,na,na,na,na
1644,276.452999999999,na,na,na,na
1645,276.441000000001,na,na,na,na
1646,276.435000000001,na,na,na,na
1647,276.429999999999,na,na,na,na
1648,276.423,na,na,na,na
1649,276.417000000001,na,na,na,na
1650,276.408000000001,na,na,na,na
1651,276.397,na,na,na,na
1652,276.398999999999,na,na,na,na
1653,276.386000000001,na,na,na,na
1654,276.371000000001,na,na,na,na
1655,276.363999999998,na,na,na,na
1656,276.359,na,na,na,na
1657,276.345,na,na,na,na
1658,276.332000000001,na,na,na,na
1659,276.319000000001,na,na,na,na
1660,276.308000000001,na,na,na,na
1661,276.308,na,na,na,na
1662,276.294999999999,na,na,na,na
1663,276.298,na,na,na,na
1664,276.284999999999,na,na,na,na
1665,276.274000000001,na,na,na,na
1666,276.271999999998,na,na,na,na
1667,276.281000000001,na,na,na,na
1668,276.284999999999,na,na,na,na
1669,276.290999999998,na,na,na,na
1670,276.305,na,na,na,na
1671,276.315,na,na,na,na
1672,276.332000000002,na,na,na,na
1673,276.348000000002,na,na,na,na
1674,276.367999999999,na,na,na,na
1675,276.367,na,na,na,na
1676,276.387,na,na,na,na
1677,276.406,na,na,na,na
1678,276.438,na,na,na,na
1679,276.461999999999,na,na,na,na
1680,276.504999999998,na,na,na,na
1681,276.535999999999,na,na,na,na
1682,276.569,na,na,na,na
1683,276.608,na,na,na,na
1684,276.634,na,na,na,na
1685,276.653999999999,na,na,na,na
1686,276.676999999999,na,na,na,na
1687,276.696,na,na,na,na
1688,276.710000000001,na,na,na,na
1689,276.710999999999,na,na,na,na
1690,276.728,na,na,na,na
1691,276.724,na,na,na,na
1692,276.73,na,na,na,na
1693,276.748999999999,na,na,na,na
1694,276.747000000001,na,na,na,na
1695,276.749999999999,na,na,na,na
1696,276.739,na,na,na,na
1697,276.746000000001,na,na,na,na
1698,276.748000000001,na,na,na,na
1699,276.746999999999,na,na,na,na
1700,276.746,na,na,na,na
1701,276.75,na,na,na,na
1702,276.758,na,na,na,na
1703,276.757,na,na,na,na
1704,276.755,na,na,na,na
1705,276.749,na,na,na,na
1706,276.743,na,na,na,na
1707,276.745,na,na,na,na
1708,276.739,na,na,na,na
1709,276.736,na,na,na,na
1710,276.741,na,na,na,na
1711,276.733,na,na,na,na
1712,276.731,na,na,na,na
1713,276.725,na,na,na,na
1714,276.723,na,na,na,na
1715,276.717,na,na,na,na
1716,276.716,na,na,na,na
1717,276.717,na,na,na,na
1718,276.71,na,na,na,na
1719,276.706,na,na,na,na
1720,276.695,na,na,na,na
1721,276.698,na,na,na,na
1722,276.701,na,na,na,na
1723,276.7,na,na,na,na
1724,276.708,na,na,na,na
1725,276.718,na,na,na,na
1726,276.719,na,na,na,na
1727,276.712,na,na,na,na
1728,276.707,na,na,na,na
1729,276.715,na,na,na,na
1730,276.723,na,na,na,na
1731,276.73,na,na,na,na
1732,276.733,na,na,na,na
1733,276.739,na,na,na,na
1734,276.753,na,na,na,na
1735,276.76,na,na,na,na
1736,276.773,na,na,na,na
1737,276.79,na,na,na,na
1738,276.812,na,na,na,na
1739,276.835,na,na,na,na
1740,276.855,na,na,na,na
1741,276.876,na,na,na,na
1742,276.901,na,na,na,na
1743,276.926,na,na,na,na
1744,276.953,na,na,na,na
1745,276.986,na,na,na,na
1746,277.014,na,na,na,na
1747,277.044,na,na,na,na
1748,277.08,na,na,na,na
1749,277.109,na,na,na,na
1750,277.147,na,na,na,na
1751,277.188,na,na,na,na
1752,277.229,na,na,na,na
1753,277.263,na,na,na,na
1754,277.304,na,na,na,na
1755,277.351,na,na,na,na
1756,277.389,na,na,na,na
1757,277.442,na,na,na,na
1758,277.489,na,na,na,na
1759,277.54,na,na,na,na
1760,277.605,na,na,na,na
1761,277.664,na,na,na,na
1762,277.732,na,na,na,na
1763,277.796,na,na,na,na
1764,277.859,na,na,na,na
1765,277.912999999787,na,na,na,na
1766,277.957999998298,na,na,na,na
1767,278.016999996594,na,na,na,na
1768,278.077999994892,na,na,na,na
1769,278.134999993189,na,na,na,na
1770,278.193999991486,na,na,na,na
1771,278.269999989783,na,na,na,na
1772,278.333999988079,na,na,na,na
1773,278.411999986376,na,na,na,na
1774,278.490999984675,na,na,na,na
1775,278.585999982971,na,na,na,na
1776,278.682999981268,na,na,na,na
1777,278.773999979565,na,na,na,na
1778,278.865999977863,na,na,na,na
1779,278.95899997616,na,na,na,na
1780,279.053999974458,na,na,na,na
1781,279.144999972755,na,na,na,na
1782,279.242999971051,na,na,na,na
1783,279.339999969348,na,na,na,na
1784,279.433999967646,na,na,na,na
1785,279.531999965944,na,na,na,na
1786,279.628999964241,na,na,na,na
1787,279.728999962537,na,na,na,na
1788,279.830999960833,na,na,na,na
1789,279.932999959132,na,na,na,na
1790,280.036999957428,na,na,na,na
1791,280.140999955726,na,na,na,na
1792,280.240999954022,na,na,na,na
1793,280.331999952321,na,na,na,na
1794,280.414999950616,na,na,na,na
1795,280.491999948915,na,na,na,na
1796,280.554999947211,na,na,na,na
1797,280.622999945507,na,na,na,na
1798,280.681999943804,na,na,na,na
1799,280.752999942104,na,na,na,na
1800,280.8339999404,na,na,na,na
1801,280.918999938696,na,na,na,na
1802,280.993999936993,na,na,na,na
1803,281.072999935291,na,na,na,na
1804,281.156999933588,na,na,na,na
1805,281.233999931885,na,na,na,na
1806,281.321999930183,na,na,na,na
1807,281.408999928479,na,na,na,na
1808,281.495999926777,na,na,na,na
1809,281.565999925074,na,na,na,na
1810,281.647999923371,na,na,na,na
1811,281.717999921667,na,na,na,na
1812,281.789999919965,na,na,na,na
1813,281.857999918263,na,na,na,na
1814,281.93099991656,na,na,na,na
1815,281.991999914857,na,na,na,na
1816,282.058999913154,na,na,na,na
1817,282.12699991145,na,na,na,na
1818,282.199999909749,na,na,na,na
1819,282.271999908046,na,na,na,na
1820,282.345999906342,na,na,na,na
1821,282.414999904639,na,na,na,na
1822,282.476999902936,na,na,na,na
1823,282.539999901233,na,na,na,na
1824,282.617999899531,na,na,na,na
1825,282.675999897828,na,na,na,na
1826,282.692999896124,na,na,na,na
1827,282.692999894421,na,na,na,na
1828,282.707999892719,na,na,na,na
1829,282.760999891016,na,na,na,na
1830,282.824999889315,na,na,na,na
1831,282.890999887612,na,na,na,na
1832,282.921999885907,na,na,na,na
1833,282.965999884207,na,na,na,na
1834,283.027999882501,na,na,na,na
1835,283.0859998808,na,na,na,na
1836,283.148999879096,na,na,na,na
1837,283.197999877395,na,na,na,na
1838,283.252999875691,na,na,na,na
1839,283.310999873987,na,na,na,na
1840,283.381999872284,na,na,na,na
1841,283.466999870581,na,na,na,na
1842,283.527999868879,na,na,na,na
1843,283.565999867176,na,na,na,na
1844,283.608999865475,na,na,na,na
1845,283.724999863769,na,na,na,na
1846,283.846999862067,na,na,na,na
1847,283.935999860366,na,na,na,na
1848,284.067999858662,na,na,na,na
1849,284.206999856957,na,na,na,na
1850,284.316999854786,na,na,na,na
1851,284.450999849332,na,na,na,na
1852,284.597999840503,na,na,na,na
1853,284.730999828568,na,na,na,na
1854,284.845999805949,na,na,na,na
1855,284.940999795651,na,na,na,na
1856,285.048999782585,na,na,na,na
1857,285.20399977284,na,na,na,na
1858,285.368999765324,na,na,na,na
1859,285.54499975018,na,na,na,na
1860,285.73899972727,na,na,na,na
1861,285.932999712095,na,na,na,na
1862,286.099999702022,na,na,na,na
1863,286.270999683975,na,na,na,na
1864,286.441999662368,na,na,na,na
1865,286.613999643223,na,na,na,na
1866,286.780999627782,na,na,na,na
1867,286.954999606091,na,na,na,na
1868,287.104999589739,na,na,na,na
1869,287.224999569047,na,na,na,na
1870,287.354999554298,na,na,na,na
1871,287.493999528791,na,na,na,na
1872,287.663999490614,na,na,na,na
1873,287.859999466552,na,na,na,na
1874,288.060999474767,na,na,na,na
1875,288.29099944873,na,na,na,na
1876,288.51999943517,na,na,na,na
1877,288.751999423484,na,na,na,na
1878,288.992999412669,na,na,na,na
1879,289.220999376783,na,na,na,na
1880,289.469999320198,na,na,na,na
1881,289.736999291098,na,na,na,na
1882,290.018999256594,na,na,na,na
1883,290.262999219848,na,na,na,na
1884,290.511999204707,na,na,na,na
1885,290.796999194397,na,na,na,na
1886,291.099999177286,na,na,na,na
1887,291.41399913878,na,na,na,na
1888,291.762999076226,na,na,na,na
1889,292.11299905472,na,na,na,na
1890,292.457998994675,na,na,na,na
1891,292.815998952761,na,na,na,na
1892,293.166998939368,na,na,na,na
1893,293.47699893819,na,na,na,na
1894,293.790998906272,na,na,na,na
1895,294.07899885431,na,na,na,na
1896,294.364998814724,na,na,na,na
1897,294.645998765603,na,na,na,na
1898,294.953998697529,na,na,na,na
1899,295.29999857844,na,na,na,na
1900,295.674998441674,na,na,na,na
1901,296.00699796647,na,na,na,na
1902,296.324997426966,na,na,na,na
1903,296.65399683721,na,na,na,na
1904,296.953996304816,na,na,na,na
1905,297.288995727878,na,na,na,na
1906,297.661995136884,na,na,na,na
1907,298.097994484458,na,na,na,na
1908,298.517994006017,na,na,na,na
1909,298.935993455404,na,na,na,na
1910,299.376992880373,na,na,na,na
1911,299.828992337281,na,na,na,na
1912,300.352991748678,na,na,na,na
1913,300.909991143806,na,na,na,na
1914,301.418990778864,na,na,na,na
1915,301.936990306897,na,na,na,na
1916,302.484989686417,na,na,na,na
1917,303.010989101134,na,na,na,na
1918,303.448988649144,na,na,na,na
1919,303.813988334742,na,na,na,na
1920,304.245987680735,na,na,na,na
1921,304.599987339398,na,na,na,na
1922,304.944986769602,na,na,na,na
1923,305.270986051848,na,na,na,na
1924,305.629985518364,na,na,na,na
1925,305.812985014455,na,na,na,na
1926,305.953984520879,na,na,na,na
1927,306.17698387194,na,na,na,na
1928,306.32898332411,na,na,na,na
1929,306.49498271638,na,na,na,na
1930,306.619982384951,na,na,na,na
1931,306.821982136992,na,na,na,na
1932,307.092981823192,na,na,na,na
1933,307.401981252789,na,na,na,na
1934,307.784980593634,na,na,na,na
1935,308.226979962101,na,na,na,na
1936,309.011979254044,na,na,na,na
1937,309.763978615855,na,na,na,na
1938,310.293978204746,na,na,na,na
1939,310.850977584352,na,na,na,na
1940,311.356976868613,na,na,na,na
1941,311.810976277388,na,na,na,na
1942,312.171975739582,na,na,na,na
1943,312.389975175671,na,na,na,na
1944,312.412974751704,na,na,na,na
1945,312.384974608474,na,na,na,na
1946,312.389973964515,na,na,na,na
1947,312.485973184282,na,na,na,na
1948,312.520972534148,na,na,na,na
1949,312.631972055313,na,na,na,na
1950,312.820971341375,na,na,na,na
1951,313.013970606384,na,na,na,na
1952,313.341970021567,na,na,na,na
1953,313.729969427623,na,na,na,na
1954,314.094968812929,na,na,na,na
1955,314.414967972057,na,na,na,na
1956,314.697967186718,na,na,na,na
1957,314.991966523988,na,na,na,na
1958,315.344965869144,na,na,na,na
1959,315.98,na,na,na,na
1960,316.91,na,na,na,na
1961,317.64,na,na,na,na
1962,318.45,na,na,na,na
1963,318.99,na,na,na,na
1964,319.62,na,na,na,na
1965,320.04,na,na,na,na
1966,321.37,na,na,na,na
1967,322.18,na,na,na,na
1968,323.05,na,na,na,na
1969,324.62,na,na,na,na
1970,325.68,na,na,na,na
1971,326.32,na,na,na,na
1972,327.46,na,na,na,na
1973,329.68,na,na,na,na
1974,330.19,na,na,na,na
1975,331.12,na,na,na,na
1976,332.03,na,na,na,na
1977,333.84,na,na,na,na
1978,335.41,na,na,na,na
1979,336.84,na,na,na,na
1980,338.76,na,na,na,na
1981,340.12,na,na,na,na
1982,341.48,na,na,na,na
1983,343.15,na,na,na,na
1984,344.85,na,na,na,na
1985,346.35,na,na,na,na
1986,347.61,na,na,na,na
1987,349.31,na,na,na,na
1988,351.69,na,na,na,na
1989,353.20,na,na,na,na
1990,354.45,na,na,na,na
1991,355.70,na,na,na,na
1992,356.54,na,na,na,na
1993,357.21,na,na,na,na
1994,358.96,na,na,na,na
1995,360.97,na,na,na,na
1996,362.74,na,na,na,na
1997,363.88,na,na,na,na
1998,366.84,na,na,na,na
1999,368.54,na,na,na,na
2000,369.71,364.367,364.367,364.367,364.367
2001,371.32,na,na,na,na
2002,373.45,na,na,na,na
2003,375.98,na,na,na,na
2004,377.70,na,na,na,na
2005,379.98,375.107,375.148,375.014,375.200
2006,382.09,na,na,na,na
2007,384.03,na,na,na,na
2008,385.83,na,na,na,na
2009,387.64,na,na,na,na
2010,390.10,390.125,390.164,387.607,392.058
2011,391.85,na,na,na,na
2012,394.06,na,na,na,na
2013,396.74,na,na,na,na
2014,398.87,na,na,na,na
2015,401.01,na,na,na,na
2016,404.41,na,na,na,na
2017,406.76,na,na,na,na
2018,408.72,na,na,na,na
2019,411.66,na,na,na,na
2020,414.24,423.464,423.269,415.770,429.091
2030,na,445.154,457.458,445.562,479.089
2040,na,455.980,492.998,470.718,545.794
2050,na,455.441,526.376,505.132,628.430
2060,na,447.834,551.912,542.447,725.227
2070,na,441.343,569.176,599.425,834.844
2080,na,436.475,576.427,656.941,954.053
2090,na,431.473,576.766,698.566,1091.072
2100,na,426.963,580.909,728.124,1231.445
